FID,X,Y,TWI,Curvatura,Declividade,Elevacao,Aspecto,Geologia,Uso,class
1,369756,7344220,16.59074020390,-0.04338598251,0.72748786211,0.41854426265,159.017288208,2,90,0
2,367437,7344509,12.29627418520,0.11259078980,1.85976696014,4.68192195892,192.650695801,65,90,0
3,366952,7344909,10.90989112850,-0.14174258709,2.56658339500,1.40449237823,111.428329468,65,90,0
4,370587,7344950,5.55258369446,-1.75604772568,2.78791379929,4.56869125366,224.812011719,2,90,0
5,371074,7345311,4.92521190643,2.40697479248,33.16489410400,44.02638626100,167.046524048,2,90,0
6,366577,7345430,3.43642520905,-0.02770233154,32.76494598390,40.58907318120,309.433410645,65,120,0
7,371091,7345432,6.17676687241,-0.04669189453,2.37883996964,80.57303619380,301.314666748,2,90,0
8,366716,7345568,3.96217100000,-2.64968729019,25.43760108950,5.53690433502,356.868347168,65,120,0
9,370469,7345665,15.31946372990,0.03563129902,0.39916986227,1.08948183060,286.032714844,2,30,0
10,370846,7345812,4.48345041275,-1.19188976288,18.71799278260,15.16534709930,269.195770264,2,20,0
11,370946,7346222,11.36752223970,0.03192567825,0.59634512663,4.89380359650,338.187011719,2,30,0
12,372569,7346450,2.55745339394,1.77748870850,37.77635955810,47.37740325930,158.523406982,2,90,0
13,371944,7346464,4.43809127808,0.27103424072,25.30193328860,85.90228271480,323.080505371,2,90,0
14,372173,7346506,3.21087408066,1.29981231689,21.95995712280,84.55412292480,110.855949402,2,90,0
15,371838,7346514,9.98706245422,-1.11188888550,12.47393512730,25.05110931400,251.983993530,2,90,0
16,372083,7346535,4.57580184937,2.67209625244,5.87960863113,108.15685272200,219.038406372,2,90,0
17,371802,7346596,4.03758239746,0.87517166138,35.20689392090,62.99367141720,168.558197021,2,20,0
18,371843,7346680,6.61916017532,-1.74684143066,22.47541427610,90.60494232180,246.498275757,2,20,0
19,372397,7346681,4.85940074921,0.00625228882,28.49573135380,54.95885849000,175.421310425,2,90,0
20,372439,7346764,2.89028239250,2.86819458008,29.05678176880,108.85446167000,165.784530640,2,90,0
21,371946,7347338,3.71538376808,0.61248016357,25.96245765690,110.04487609900,282.289672852,2,20,0
22,371658,7347411,13.76718425750,-0.07074025273,0.49558341503,0.05969879031,170.418670654,2,30,0
23,373638,7347484,3.73167204857,1.42321014404,25.59702301030,97.23810577390,202.744964600,65,20,0
24,372051,7347513,4.40162658691,1.48975372314,26.11849975590,117.32515716600,317.770355225,65,20,0
25,373124,7347547,4.03783559799,-1.35391998291,19.42836570740,102.43118286100,242.141265869,2,90,0
26,373849,7347647,6.59809732437,-0.87964630127,16.69141197200,82.50044250490,93.330596924,65,90,0
27,373367,7347770,3.14928936958,3.73136138916,23.21091079710,99.28118896480,340.616027832,65,90,0
28,371933,7347835,11.97542476650,-0.01420474052,0.38442283869,0.11770918965,122.033821106,2,30,0
29,371924,7347889,15.46167373660,-0.01209127903,0.41917157173,0.35905629396,108.774246216,2,90,0
30,372536,7347928,8.93852233887,0.09017038345,1.72889077663,4.61541080475,29.779096603,65,30,0
31,373697,7347930,6.71571111679,1.46112823486,21.79494476320,127.28131103500,308.504119873,65,90,0
32,372376,7348032,15.11089515690,0.05819654465,1.31203544140,2.26702594757,24.722621918,65,20,0
33,372941,7348198,13.71002674100,-0.00413346291,2.74361133575,2.79357194901,237.663406372,65,30,0
34,373058,7348281,6.41190767288,0.09776830673,2.81991910934,7.61807107925,280.795745850,65,30,0
35,373085,7348303,4.62462615967,-0.12044715881,5.60126638412,8.73932266235,302.536682129,65,30,0
36,373085,7348303,8.78049500000,-0.53521800000,4.04424800000,8.04369900000,302.536683000,65,30,0
37,373158,7348356,4.98548364639,1.33881568909,11.59030151370,30.00622367860,265.095672607,65,30,0
38,373302,7348445,3.58544993401,3.21231937408,15.49560546880,14.29476165770,336.053710938,65,30,0
39,373513,7348581,3.77518057823,-0.29642486572,24.63898658750,17.35998535160,320.237884521,65,90,0
40,373334,7348643,8.22958469391,0.01001119614,2.07830953598,3.78668618202,341.289825439,65,20,0
41,373418,7348674,8.22178077698,0.02088308334,2.08743357658,3.69971561432,298.580474854,65,20,0
42,373481,7348687,7.15328025818,0.05003309250,0.89637011290,4.81766033173,301.695739746,65,20,0
43,373978,7347781,6.06956815720,-0.40823364258,15.50724506380,57.88449859620,143.423217773,65,90,0
44,373971,7347824,5.02808046341,-1.01037597656,27.65950584410,69.84853363040,136.459991455,65,90,0
45,374231,7348007,3.13291454315,2.66003417969,23.55266952510,85.21459960940,194.995590210,65,90,0
46,374080,7348056,3.34312272072,3.14088439941,19.45655059810,139.42274475100,103.874755859,65,90,0
47,374437,7348262,6.69832849503,-1.69541931152,23.93498802190,69.68115997310,92.186241150,65,90,0
48,375215,7348949,4.60157728195,1.21302032471,16.75598716740,72.11172485350,147.987823486,2,90,0
49,375221,7348959,3.39164614677,1.27959442139,18.59974288940,74.74016571040,147.633438110,2,90,0
50,375682,7349015,5.53562021255,0.10790252686,13.31279945370,29.98587417600,89.076789856,2,90,0
51,375711,7349057,4.73036670685,-0.55388259888,14.82601356510,22.54376983640,94.805191040,2,90,0
52,375217,7349288,3.20633363724,1.57511901855,39.01083374020,214.22337341300,146.552581787,65,90,0
53,379591,7352852,3.65307068825,0.97752761841,14.52668190000,51.81603622440,65.704826355,2,20,0
54,379634,7352898,5.07347440720,1.54721832275,20.58808517460,27.73260879520,55.931404114,2,30,0
55,379303,7353012,14.51445770260,-0.08306666464,0.11947005987,0.01523477864,236.492080688,2,30,0
56,377535,7353070,4.11480140686,0.29145812988,26.09911537170,50.21789550780,358.883300781,2,90,0
57,376851,7353249,3.34451699257,2.89467620850,19.43144416810,19.48824119570,69.930892944,2,90,0
58,376778,7353300,5.41260290146,-1.36860084534,17.33842277530,23.42332077030,28.597196579,2,90,0
59,379144,7353357,4.22556972504,-0.71142005920,23.67794036870,22.39271926880,128.533309937,65,90,0
60,376797,7353383,4.52211904526,-0.07543039322,6.28506326675,3.15308237076,28.576005936,2,90,0
61,379188,7353426,4.57179164886,-0.97235679627,22.46885299680,24.97266387940,133.557067871,65,90,0
62,376611,7353497,16.49356079100,-0.01194930077,1.11415696144,1.11718904972,142.506317139,2,90,0
63,376766,7353744,13.92135238650,-0.42047369480,2.47991967201,0.34416657686,27.156282425,2,90,0
64,377099,7354132,6.38151645660,-0.82369661331,16.94387435910,7.82210922241,165.091354370,65,90,0
65,377247,7354188,5.40029096603,0.00287103653,10.23786067960,8.07541084290,269.285614014,65,90,0
66,376841,7354365,8.09652996063,0.02486467361,0.52354437113,1.13985860348,119.339836121,2,70,0
67,377383,7354579,4.54079627991,1.11652088165,6.08753395081,4.97082185745,290.722351074,2,90,0
68,377400,7354652,5.69070386887,0.04825758934,3.86413407326,3.06985139847,309.177856445,2,70,0
69,377410,7354652,5.51298332214,0.14777898789,4.61269569397,3.61080503464,319.191162109,2,70,0
70,377535,7354727,10.87680625920,-0.01347345673,0.02790496685,0.00000000000,50.913467407,2,70,0
71,377535,7354727,11.56995500000,0.03430400000,0.13490000000,0.00514000000,46.313087000,2,90,0
72,377585,7354782,12.83097743990,0.00737692416,0.19624856114,0.14397120476,177.544326782,2,70,0
73,377715,7354815,11.56995487210,-0.06040208787,0.30465736985,0.02586676180,295.168212891,65,70,0
74,377719,7354877,10.87681293490,-0.02113250270,0.09117613733,0.03795561194,273.347534180,2,70,0
75,380247,7355275,5.55998134613,-3.19976806641,17.11402702330,165.17433166500,6.241374016,65,90,0
76,380188,7355277,10.09364509580,-0.63265991211,9.78128433228,173.02185058600,86.884353638,65,90,0
77,380573,7355321,2.29067444801,11.09815979000,45.34121704100,62.52994155880,109.382453918,65,90,0
78,380890,7355373,2.44815492630,2.31677103043,40.91352844240,13.04362297060,28.399396896,2,90,0
79,380692,7355473,6.02939176559,0.21446228027,12.22292232510,70.05595397950,93.990509033,65,90,0
80,381065,7355486,3.57798743248,1.50646209717,15.60603809360,79.69175720210,115.143470764,2,90,0
81,380230,7355602,4.82360363007,-0.39331054688,9.13247871399,230.08222961400,34.562667847,65,90,0
82,380427,7355756,3.25486373901,7.57290649414,37.65816116330,158.04164123500,316.147216797,65,90,0
83,380097,7355850,4.33794021606,2.21017456055,7.44261741638,204.17491149900,63.243549347,65,90,0
84,379676,7355906,9.13372135162,-8.90701293945,13.18545150760,185.74572753900,72.387207031,65,90,0
85,381355,7355936,7.33939743042,-0.28978347778,6.30022430420,41.99700164790,276.508728027,65,90,0
86,378847,7356004,4.68296051025,-1.91643619537,20.30766677860,10.20561122890,268.219085693,65,90,0
87,381307,7356024,5.16052389145,-2.03186798096,16.01003074650,51.40509033200,162.229965210,65,90,0
88,379331,7356138,1.37137436867,-18.46790695190,68.52032470700,20.65846633910,21.510416031,65,90,0
89,380895,7356204,2.37931203842,2.89701843262,42.80408859250,140.33261108400,108.760612488,65,90,0
90,379108,7356232,6.64738178253,-2.84692382813,21.26722145080,75.46675109860,281.284790039,65,90,0
91,379289,7356361,4.09136009216,0.94056701660,33.76904296880,192.29748535200,274.759521484,65,90,0
92,381050,7356477,4.15400648117,-0.38417816162,17.43374443050,100.07022094700,71.810623169,65,90,0
93,381007,7356583,5.83526372910,-0.19226837158,29.04358673100,80.29573059080,359.326141357,65,90,0
94,378948,7356780,7.27243089676,0.01179265976,0.39786800742,1.47443866730,202.567291260,2,20,0
95,379331,7357069,7.97415447235,0.03437972069,0.59169340134,2.31069874763,310.744262695,2,40,0
96,380392,7357392,3.68796467781,2.83271789551,26.58602905270,43.96821212770,323.863250732,65,90,0
97,379740,7357440,16.43078804020,-0.00110733183,0.03580817580,0.01074000634,130.944915771,65,70,0
98,380389,7357443,4.08043193817,1.84050369263,34.05896377560,24.94026374820,317.789398193,65,90,0
99,369756,7344020,3.45032954216,-0.00430832012,32.40345001220,31.98293113710,3.838684797,2,20,1
100,367437,7344309,6.84159517288,-0.01773055457,23.18181991580,5.08953332901,45.195274353,65,90,1
101,366952,7344709,9.03274536133,-0.01897822134,12.92823886870,1.44699168205,80.875282288,65,90,1
102,370587,7344750,3.64670491219,-0.01156965457,27.54376792910,13.00906944270,251.346069336,2,20,1
103,371074,7345111,6.68855381012,-0.01057590824,29.80139923100,15.33096313480,71.881042481,2,20,1
104,366577,7345230,5.38303565979,-0.01942778006,22.46250534060,8.75750160217,106.253082275,65,90,1
105,371091,7345232,6.27861785889,0.00096835376,23.33914184570,14.64774036410,89.306648254,2,90,1
106,366716,7345368,4.90397119522,-0.00972209126,30.68343925480,9.78302383423,163.224426270,65,90,1
107,370469,7345465,4.96600914001,-0.01556523610,15.58041095730,7.68349742889,344.071533203,2,30,1
108,370846,7345612,6.10249519348,-0.01479526702,15.02801990510,8.31238555908,244.145568848,2,20,1
109,370946.0334,7346022.025,4.13258266449,-0.00018447713,43.90483093260,46.62856292720,316.640686035,2,30,1
110,372569,7346250,5.78269577026,-0.01097961329,20.30931282040,9.14470577240,306.605926514,2,30,1
111,371944,7346264,3.07017087936,-0.00959590450,24.89753913880,17.95346450810,200.933563232,2,90,1
112,372173,7346306,6.53852462769,-0.01333050337,20.64135742190,8.20511341095,124.885101318,2,90,1
113,371838,7346314,4.37200498581,-0.01497408096,14.17195129390,7.84675693512,233.367401123,2,90,1
114,372083,7346335,3.34684872627,0.00241040392,35.14179229740,59.77449798580,130.440612793,2,90,1
115,371802,7346396,5.33358097076,0.00957334042,18.66872024540,13.86297798160,226.526519775,2,90,1
116,371843,7346480,4.02576303482,-0.00810757186,28.16878509520,29.66653060910,282.088714600,2,90,1
117,372397,7346481,4.30026817322,-0.00106929790,7.72497844696,9.94750785828,236.279296875,2,90,1
118,372439,7346564,6.53435230255,0.00296547287,20.69125747680,19.49218368530,266.399078369,2,90,1
119,371946,7347138,5.29791593552,0.00149276794,35.00283050540,123.95654296900,280.433471680,2,90,1
120,371658,7347211,7.58067131042,-0.01092478819,11.79544353490,2.48297977448,271.439971924,2,30,1
121,373638,7347284,3.21994924545,-0.00709058158,21.78021240230,14.48589324950,232.719696045,2,90,1
122,372051,7347313,3.47162699699,-0.00017385394,31.85390090940,155.18037414600,323.282043457,65,20,1
123,373124,7347347,3.63876581192,0.00560836960,27.73070716860,42.28518676760,148.549316406,2,90,1
124,373849,7347447,4.85628700256,-0.01410010457,28.57059478760,52.26003646850,139.243637085,2,20,1
125,373367,7347570,2.95442628860,-0.00710718427,27.52337074280,53.85210800170,148.607894897,2,90,1
126,371933.4667,7347634.588,6.28339290619,0.00061940425,33.16337966920,47.53638458250,295.764923096,2,30,1
127,371923.9063,7347689.031,3.27649760246,0.00555258524,37.06031417850,24.20172119140,298.226074219,2,30,1
128,372536,7347728,5.24413585663,-0.00908362027,34.45750427250,25.57762908940,60.791450501,65,30,1
129,373697,7347730,4.43221139908,-0.00813063886,30.72761917110,151.23144531300,157.170791626,65,90,1
130,372376,7347832,4.46455049515,0.00322865020,24.72109985350,30.01114845280,317.043975830,65,30,1
131,372941,7347998,3.60954833031,-0.01210510172,15.14378833770,6.60908699036,298.913177490,65,30,1
132,373058,7348081,3.59953212738,-0.00573513424,28.66676139830,30.54110527040,323.792419434,65,30,1
133,373085,7348103,3.15035390854,-0.00417736452,23.18883132930,29.56752967830,328.964965820,65,30,1
134,373085,7348103,3.78586800000,3.78586800000,24.40774700000,29.56753000000,327.685760000,65,30,1
135,373158,7348156,4.61719131470,-0.00852716248,21.56494331360,30.23019981380,322.199676514,65,30,1
136,373302,7348245,5.86811685562,-0.00984551851,15.79193496700,34.97568130490,316.737854004,65,20,1
137,373513.4115,7348380.505,4.14025163651,0.00208509131,43.68532943730,95.91963958740,309.282958984,65,90,1
138,373334,7348443,3.41942691803,-0.01140333060,18.12388801570,19.76404190060,305.978271484,65,30,1
139,373418,7348474,3.68717384338,0.00030005749,26.60417175290,35.62966918950,307.399688721,65,20,1
140,373481,7348487,7.14459514618,-0.00654943194,15.43968296050,34.91998672490,347.294464111,65,90,1
141,373978,7347581,4.30500078201,-0.01158555504,34.02107620240,35.62447357180,91.688049316,2,20,1
142,373971,7347624,3.75507664680,-0.01724562980,35.06731796260,34.82037734990,59.181346893,65,20,1
143,374231,7347807,5.39702939987,-0.01098301355,19.92059516910,12.28707790370,129.376708984,2,30,1
144,374080,7347856,6.54083967209,0.00008858530,26.80047988890,49.94193267820,180.644973755,65,90,1
145,374437,7348062,4.70387268066,-0.02123600803,19.92075347900,55.11418151860,100.898605347,2,90,1
146,375215,7348749,3.33290791512,-0.00855843350,19.64105987550,34.96390914920,116.830833435,2,90,1
147,375221,7348759,5.16818189621,-0.01190087758,21.73439216610,36.08774566650,117.845260620,2,90,1
148,375682,7348815,4.02521896362,-0.00374931446,28.18175506590,20.49674415590,131.170715332,2,20,1
149,375711,7348857,5.15532922745,0.00600355258,24.77268981930,17.39791679380,113.472549438,2,20,1
150,375217.0664,7349087.651,4.72549343109,-0.00202381308,31.82554626460,129.67643737800,160.834350586,65,90,1
151,379591,7352652,4.19576168060,-0.01240391005,24.31241035460,11.28166866300,134.184921265,2,30,1
152,379634,7352698,7.07594823837,-0.01890220307,16.03279495240,5.50639820099,115.218528748,2,30,1
153,379303,7352812,4.36377429962,0.00001539316,26.98565483090,20.04534149170,359.505798340,2,30,1
154,377535,7352870,4.24058485031,-0.04562729970,23.36314964290,16.52991867070,16.729843140,65,90,1
155,376851,7353049,4.61140918732,-0.01836583205,26.42233276370,8.16253185272,88.647010803,2,30,1
156,376778,7353100,5.41862535477,-0.01878732629,21.75156974790,40.25185775760,96.379058838,2,90,1
157,379144,7353157,7.02277278900,-0.02406719700,14.01349735260,10.54997253420,144.762725830,65,30,1
158,376797,7353183,5.25499963760,-0.00175732933,27.57062721250,44.77903366090,100.099601746,2,90,1
159,379188,7353226,5.61683511734,-0.00401690789,6.22543430328,8.01323890686,52.274707794,65,30,1
160,376611,7353297,4.38135147095,-0.00842730328,26.58053398130,9.98255443573,322.303649902,2,20,1
161,376766,7353544,5.47594642639,-0.01049310528,14.09963989260,7.57849121094,231.531982422,2,90,1
162,377099,7353932,9.01970767975,-0.00606586598,6.18659639359,1.13637900352,318.357971191,2,90,1
163,377247,7353988,5.88843774796,-0.01130799111,14.00481987000,6.93369579315,318.743041992,65,90,1
164,376841,7354165,4.45236873627,-0.01891265810,19.26595687870,5.33796977997,266.338897705,2,90,1
165,377383,7354379,4.58052015305,-0.01138621755,27.13415908810,13.50446891780,279.299072266,2,90,1
166,377400,7354452,4.80127716064,-0.02154757082,22.34081459050,9.36975860596,282.587615967,2,90,1
167,377410,7354452,4.03187084198,-0.01976432092,35.36120224000,14.52309226990,284.917419434,2,90,1
168,377535.0937,7354527.194,2.81414461136,0.00781036820,30.94521713260,68.98222351070,17.409183502,2,90,1
169,377535.0937,7354527.194,4.30492400000,4.30492400000,28.37244200000,68.98222400000,17.409184000,2,90,1
170,377584.7938,7354582.006,4.15744304657,0.00372932618,38.03877639770,45.69155883790,323.597198486,2,90,1
171,377715.4625,7354614.55,3.36652040482,0.00256557809,34.61305999760,55.50190734860,324.763671875,65,90,1
172,377719,7354677,4.89114475250,-0.01808876172,16.72619628910,6.98177433014,334.005187988,2,90,1
173,380247,7355075,3.11185240746,0.00921689346,65.80791473390,183.38630676300,335.578704834,65,90,1
174,380188,7355077,4.31979846954,-0.01537165046,33.86004257200,25.91223907470,277.485137939,65,90,1
175,380573,7355121,4.95626258850,0.00438008737,26.23144721980,135.14062500000,359.418365479,65,90,1
176,380890,7355173,5.18646907806,-0.00032022822,26.71403694150,65.00498962400,89.917816162,2,90,1
177,380692,7355273,5.38382101059,0.01767745614,28.84728240970,102.13093566900,340.628234863,65,90,1
178,381065,7355286,5.47035884857,-0.01951108128,22.82974433900,10.28103828430,175.213912964,2,90,1
179,380230,7355402,5.34460973740,0.00053848093,13.42476081850,189.98159790000,180.901168823,65,90,1
180,380427,7355556,5.45882606506,-0.00448846305,27.06823921200,169.91760253900,172.772201538,65,90,1
181,380097,7355650,5.31922245026,-0.00095250492,23.78263664250,210.02996826200,353.915679932,65,90,1
182,379676,7355706,5.67666959763,0.00168175274,25.61734390260,190.37576293900,245.098159790,65,90,1
183,381355,7355736,3.58451437950,0.00719031226,29.03040504460,26.77646636960,204.000381470,2,90,1
184,378847,7355804,5.60779190063,-0.02131439745,18.27450180050,7.47847032547,296.540710449,65,90,1
185,381307,7355824,6.14829349518,-0.00740838377,9.70205307007,35.09121322630,250.965301514,2,90,1
186,379331,7355938,3.66987729073,0.01287990622,27.00302886960,185.17474365200,226.217346191,65,90,1
187,380895,7356004,3.01206588745,0.00045878356,26.19254302980,119.26980590800,22.163799286,65,90,1
188,379107.6353,7356031.792,5.45425271988,0.00071968511,18.89329910280,64.99707031250,310.659759521,65,90,1
189,379289,7356161,12.44157791140,-0.58625608683,1.94106268883,4.99974298477,327.428039551,65,90,1
190,381050,7356277,5.04770040512,0.00697555067,32.71705627440,91.51044464110,107.847145081,65,90,1
191,381007,7356383,6.07281589508,-0.00274801091,7.87295675278,115.01254272500,89.969062805,65,90,1
192,378948,7356580,3.61927509308,-0.01779266633,15.09500980380,2.29215002060,326.895629883,2,90,1
193,379331.1667,7356869.344,5.45766401291,0.00476446375,27.09522056580,20.93483734130,334.631256104,65,90,1
194,380392,7357192,4.27669858932,-0.00006153993,34.77697372440,87.62624359130,85.445053101,65,90,1
195,379740.3229,7357240.187,6.68201208115,-0.00808783155,11.33861351010,5.02631616592,0.304541230,65,90,1
196,380389,7357243,3.86622762680,0.00610876875,22.72119140630,85.26066589360,78.496429443,65,90,1
197,380401,7357501,5.07671165466,-0.00996494200,10.60371112820,2.37633514404,347.489746094,65,20,1
